INSERT INTO `usuario` (`id`, `nome`, `email`, `senha`) VALUES
(1, 'Bruno Rocha', 'brocha@usjt.br', 'aluno123'),
(2, 'Amadeu Rocha', 'arocha@usjt.br', 'aluno123'),
(3, 'Carlos Andrade', 'candrade@usjt.br', 'aluno123'),
(4, 'Lucas da Silva', 'lsilva@usjt.br', 'aluno123'),
(5, 'Venceslau Moura', 'vmoura@usjt.br', 'aluno123'),
(6, 'Katy Yamaha', 'kyamaha@usjt.br', 'aluno123'),
(7, 'Murillo da Silva', 'msilva@usjt.br', 'aluno123'),
(8, 'Mara Vasconcelos', 'mvasconcelos@usjt.br', 'aluno123'),
(9, 'Maira Castilho', 'mcastilho@usjt.br', 'aluno123'),
(10, 'Larissa Oliveira', 'loliveira@usjt.br', 'aluno123'),
(11, 'Paulo Lettang', 'plettang@usjt.br', 'aluno123'),
(12, 'Jane Sousa', 'j.sousa@usjt.br', 'aluno123'),
(13, 'Nathan Abravanel', 'nabravanel@usjt.br', 'aluno123'),
(14, 'José Almeida', 'jalmeida@usjt.br', 'aluno123'),
(15, 'Beatriz Matos', 'bmatos@usjt.br', 'aluno123'),
(16, 'Danielle Correia ', 'dcorreia@usjt.br', 'aluno123'),
(17, 'Naiara Bruzzao', 'nbruzzao@usjt.br', 'aluno123'),
(18, 'Naara Brito', 'nbrito@usjt.br', 'aluno123'),
(19, 'Janaina Sousa', 'jsousa@usjt.br', 'aluno123'),
(20, 'Bruno Rocha', 'bruno.rocha@usjt.br', 'aluno123'),
(21, 'Sara Campolina', 'scampolina@usjt.br', 'aluno123'),
(22, 'Nicholas Amaral', 'namaral@usjt.br', 'aluno123'),
(23, 'Maria da Rosas Pimentel', 'mpimentel@usjt.br', 'aluno123'),
(24, 'Luan Lima', 'llima@usjt.br', 'aluno123'),
(25, 'Paulo Porfirio', 'pporfirio@usjt.br', 'aluno123'),
(26, 'Emilly Moura', 'emoura@usjt.br', 'aluno123'),
(27, 'Lilian Navarro', 'lnavarro@usjt.br', 'aluno123'),
(28, 'Caio Pereira', 'cpereira@usjt.br', 'aluno123'),
(29, 'Samantha Alves', 'salves@usjt.br', 'aluno123'),
(30, 'Gabriel Moreira', 'gmoreira@usjt.br', 'aluno123'),
(31, 'Jaqueline Goes', 'jgoes@usjt.br', 'aluno123'),
(32, 'Bruna Simões', 'bsimoes@usjt.br', 'aluno123'),
(33, 'Carlos Garcia', 'c.garcia@usjt.br', 'aluno123'),
(34, 'Matheus Sousa', 'msousa@usjt.br', 'aluno123'),
(35, 'Patricia Almeida', 'palmeida@usjt.br', 'aluno123'),
(36, 'Jairo Lima', 'jlima@usjt.br', 'aluno123'),
(37, 'Amanda Botafogo', 'abotafogo@usjt.br', 'aluno123'),
(38, 'Roberta Cabral', 'rcabral@usjt.br', 'aluno123'),
(39, 'Camila Mendes', 'cmendes@usjt.br', 'aluno123'),
(40, 'Patricia Albuquerque ', 'palbuquerque@usjt.br', 'aluno123'),
(41, 'Leticia Leitão', 'lleitão@usjt.br', 'aluno123'),
(42, 'Renato Teixeira ', 'rteixeira@usjt.br', 'aluno123'),
(43, 'Beatriz Aragão ', 'baragão@usjt.br', 'aluno123'),
(44, 'Bruno Galhardo','bgalhardo@usjt.br', 'aluno123'),
(45, 'Horácio Marrero ', 'hmarrero@usjt.br', 'aluno123'),
(46, 'Marisa Padilha ', 'mpadilha@usjt.br', 'aluno123'),
(47, 'Renata Bogado ', 'rbogado@usjt.br', 'aluno123'),
(48, 'Abílio Mascarenhas ', 'amascarenhas@usjt.br', 'aluno123'),
(49, 'Anna Tabares', 'atabares@usjt.br', 'aluno123'),
(50, 'Florinda Ayres', 'fayres@usjt.br', 'aluno123'),
(51, 'Flávia Torcato ', 'ftorcato@usjt.br', 'aluno123'),
(52, 'Júlia Alves', 'jlves@usjt.br', 'aluno123'),
(53, 'Luzia Rabelo', 'lrabelo@usjt.br', 'aluno123'),
(54, 'Tália Guerrero ', 'tguerrero@usjt.br', 'aluno123'),
(55, 'Laura Prada', 'lprada@usjt.br', 'aluno123'),
(56, 'Camilo Piratininga', 'cpiratininga@usjt.br', 'aluno123'),
(57, 'Cleiton Faro', 'cfaro@usjt.br', 'aluno123'),
(58, 'Talita Villaça', 'tvillaca@usjt.br', 'aluno123'),
(59, 'Renan Couto', 'rcouto@usjt.br', 'aluno123'),
(60, 'Gina Magalhães', 'gmagalhaes@usjt.br', 'aluno123'),
(61, 'Josias Meneses', 'jmeneses@usjt.br', 'aluno123'),
(62, 'Ana Prada', 'aprada@usjt.br', 'aluno123'),
(63, 'Anna Garcia', 'agarcia@usjt.br', 'aluno123'),
(64, 'Cecília García', 'cgarcia@usjt.br', 'aluno123'),
(65, 'Fabiana Barreto', 'fbarreto@usjt.br', 'aluno123'),
(66, 'Gaspar Valiente', 'gvaliente@usjt.br', 'aluno123'),
(67, 'Iracema Estrella', 'iestrella@usjt.br', 'aluno123'),
(68, 'Luísa Moreno', 'lmoreno@usjt.br', 'aluno123'),
(69, 'Matias Souto', 'msouto@usjt.br', 'aluno123'),
(70, 'Reginaldo Matoso', 'rmatoso@usjt.br', 'aluno123'),
(71, 'Solange Peres', 'speres@usjt.br', 'aluno123'),
(72, 'Teodora Castella', 'tcastella@usjt.br', 'aluno123'),
(73, 'Ângela Pereira', 'apereira@usjt.br', 'aluno123'),
(74, 'Samuel Carballo', 'scarballo@usjt.br', 'aluno123'),
(75, 'Poliana Saloio', 'psaloio@usjt.br', 'aluno123'),
(76, 'Anabela Vilalobos', 'avilalobos@usjt.br', 'aluno123'),
(77, 'Caetano Silvestre', 'csilvestre@usjt.br', 'aluno123'),
(78, 'Isabelle Mourão', 'imourao@usjt.br', 'aluno123'),
(79, 'Casimiro Viveros', 'cviceros@usjt.br', 'aluno123'),
(80, 'Filinto Cordero', 'fscordero@usjt.br', 'aluno123'),
(81, 'Irene Morera', 'imorera@usjt.br', 'aluno123'),
(82, 'Carina Furquim', 'cfurquim@usjt.br', 'aluno123'),
(83, 'Rômulo   Hidalgo', 'rhidalgo@usjt.br', 'aluno123'),
(84, 'Filipa Novais', 'fnovais@usjt.br', 'aluno123'),
(85, 'Gláucio Álvares', 'g.alvares@usjt.br', 'aluno123'),
(86, 'Gláucio Álvares', 'galvares@usjt.br', 'aluno123'),
(87, 'Eunice Pestana', 'epestana@usjt.br', 'aluno123'),
(88, 'Milu Uchoa', 'muchoa@usjt.br', 'aluno123'),
(89, 'Paula Cachão', 'pcachao@usjt.br', 'aluno123'),
(90, 'Joel Ramires', 'jramires@usjt.br', 'aluno123'),
(91, 'Roni Cardoso', 'rcardoso@usjt.br', 'aluno123'),
(92, 'Emiliana Mafra', 'emafra@usjt.br', 'aluno123'),
(93, 'Leonor Figueiredo', 'lfigueiredo@usjt.br', 'aluno123'),
(94, 'Nádia Puerto', 'npuerto@usjt.br', 'aluno123'),
(95, 'Lucinda Falcão', 'lfalcao@usjt.br', 'aluno123'),
(96, 'Ângela Souto', 'asouto@usjt.br', 'aluno123'),
(97, 'Sérgio Barros', 'sbarros@usjt.br', 'aluno123'),
(98, 'Anita Sarabia', 'asarabia@usjt.br', 'aluno123'),
(99, 'Giovana Penha', 'gpenha@usjt.br', 'aluno123'),
(100, 'Viridiano Quinaz', 'vquinaz@usjt.br', 'aluno123'),
(101, 'Lília Pena', 'lpena@usjt.br', 'aluno123'),
(102, 'Napoleão Peláez', 'npelaez@usjt.br', 'aluno123'),
(103, 'Emília Varejão', 'evarejao@usjt.br', 'aluno123'),
(104, 'Raul Pacheco', 'rpacheco@usjt.br', 'aluno123'),
(105, 'Tainá Durán', 'tduran@usjt.br', 'aluno123'),
(106, 'Nídia Pirajá', 'npiraja@usjt.br', 'aluno123'),
(107, 'Fabiano Borja', 'fborja@usjt.br', 'aluno123'),
(108, 'Gláucio Junquera', 'gjunquera@usjt.br', 'aluno123'),
(109, 'Olívia Sobral', 'osobral@usjt.br', 'aluno123'),
(110, 'Alexandra Mendoça', 'amendoca@usjt.br', 'aluno123'),
(111, 'Alexandre Mangueira', 'amangueira@usjt.br', 'aluno123'),
(112, 'Caetano Linares', 'clinares@usjt.br', 'aluno123'),
(113, 'Clarisse Márquez', 'cmarquez@usjt.br', 'aluno123'),
(114, 'Elisabete Telles', 'etelles@usjt.br', 'aluno123'),
(115, 'Ofélia Marques', 'omarques@usjt.br', 'aluno123'),
(116, 'Ramiro Rangel', 'rrangel@usjt.br', 'aluno123'),
(117, 'Tânia Guedes', 'tguedes@usjt.br', 'aluno123'),
(118, 'Verônica Guedes', 'v.guedes@usjt.br', 'aluno123'),
(119, 'Verônica Guedes', 'vguedes@usjt.br', 'aluno123'),
(120, 'Noémia Brandán', 'nbrandan@usjt.br', 'aluno123'),
(121, 'Fernanda Araujo Azevedo', 'prof.fazevedo@usjt.br', 'prof123'),
(122, 'Camila Rocha Rodrigues', 'prof.crodrigues@usjt.br', 'prof123'),
(123, 'Ana Pinto Rocha', 'prof.apinto@usjt.br', 'prof123'),
(124, 'Renan Souza Melo', 'prof.rmelo@usjt.br', 'prof123'),
(125, 'Estevan Lima Pinto', 'prof.epinto@usjt.br', 'prof123'),
(126, 'Joao Lima Costa', 'prof.jcosta@usjt.br', 'prof123'),
(127, 'Gustavo Casagrande', 'casagrande@usjt.br', 'prof123');



INSERT INTO `aluno` (`aluno_id`, `ra`) VALUES
(1, '818101221'),
(2, '818101222'),
(3, '818143167'),
(4, '818143168'),
(5, '818143169'),
(6, '818143170'),
(7, '818143171'),
(8, '818143172'),
(9, '818143173'),
(10, '818143174'),
(11, '818143175'),
(12, '818143176'),
(13, '818143177'),
(14, '818143178'),
(15, '818143179'),
(16, '818143180'),
(17, '818143181'),
(18, '818143182'),
(19, '818143183'),
(20, '818143184'),
(21, '818143185'),
(22, '818143186'),
(23, '818143187'),
(24, '818143188'),
(25, '818143189'),
(26, '818143190'),
(27, '818143191'),
(28, '818143192'),
(29, '818143193'),
(30, '818143194'),
(31, '818144194'),
(32, '818143195'),
(33, '818143196'),
(34, '818143197'),
(35, '818143198'),
(36, '818143199'),
(37, '818143200'),
(38, '818143201'),
(39, '818143202'),
(40, '818143203'),
(41, '818143204'),
(42, '818143205'),
(43, '818143206'),
(44, '818143207'),
(45, '818143208'),
(46, '818143209'),
(47, '818143210'),
(48, '818143211'),
(49, '818143212'),
(50, '818143213'),
(51, '818143214'),
(52, '818143215'),
(53, '818143216'),
(54, '818143217'),
(55, '818143218'),
(56, '818143219'),
(57, '818143220'),
(58, '818143221'),
(59, '818143222'),
(60, '818143223'),
(61, '818143224'),
(62, '818143225'),
(63, '818143226'),
(64, '818143227'),
(65, '818143228'),
(66, '818143229'),
(67, '818143230'),
(68, '818143231'),
(69, '818143232'),
(70, '818143233'),
(71, '818143234'),
(72, '818143235'),
(73, '818143236'),
(74, '818143237'),
(75, '818143238'),
(76, '818143239'),
(77, '818143240'),
(78, '818143241'),
(79, '818143242'),
(80, '818144242'),
(81, '818143243'),
(82, '818143244'),
(83, '818143245'),
(84, '818143246'),
(85, '818143247'),
(86, '818143248'),
(87, '818143249'),
(88, '818143250'),
(89, '818143251'),
(90, '818143252'),
(91, '818143253'),
(92, '818143254'),
(93, '818143255'),
(94, '818143256'),
(95, '818143257'),
(96, '818143300'),
(97, '818143258'),
(98, '818143259'),
(99, '818143260'),
(100, '818143261'),
(101, '818143262'),
(102, '818143263'),
(103, '818143264'),
(104, '818143265'),
(105, '818143266'),
(106, '818143267'),
(107, '818143268'),
(108, '818143269'),
(109, '818143270'),
(110, '818143271'),
(111, '818143272'),
(112, '818143273'),
(113, '818143274'),
(114, '818143275'),
(115, '818143276'),
(116, '818143277'),
(117, '818143278'),
(118, '818143279'),
(119, '818143280'),
(120, '818143281');




INSERT INTO `tema` (`id`, `dt_cadastro`, `titulo`, `introducao`, `requisitos`) VALUES
(1,'2019-04-19 00:00:00','Java','Introducao a Java Orientado a Objetos','Logica de Programacao'),
(2,'2019-02-10 00:00:00','HTML','Introducao a HTML e CSS','Sem conhecimentos necessarios'),
(3,'2019-02-23 00:00:00','Algoritmos e estruturas de dados','Elaboracao de algoritmos','Sem conhecimento necessarios'),
(4,'2019-02-14 00:00:00','Urbanismo','Planta de cidade modelo','Sem conhecimento necessarios'),
(5,'2019-01-31 00:00:00','Eletricidade e Magnetismo','Projeto De Hidro- Elétrica','Sem conhecimento necessarios'),
(6,'2019-02-28 00:00:00','Hidrologia Básica','Projeto De Hidro- Elétrica','Sem conhecimento necessarios'),
(7,'2019-02-26 00:00:00','Marketing Aplicado a Crianças','Como conqusitar a atenção do pequenos','Sem conhecimento necessarios'),
(8,'2019-02-26 00:00:00','Mecânica Automotiva','Futuro do automóveis','Sem conhecimento necessarios'),
(9,'2019-02-06 00:00:00','Psicanálise','Projeto de pesquisa sobre comportamento humano','Sem conhecimento necessarios'),
(10,'2019-02-12 00:00:00','Farmácia','Projeto de pesquisa sobre AUTOMEDICAÇÃO','Sem conhecimento necessarios');


INSERT INTO `atividade` (`id`, `tema_id`, `numero`, `descricao`, `formato_entrega`, `dt_inicio`, `dt_fim`) VALUES
(1, 1, 1,'Implementação de 3 classes (do model)','E-mail','2019-02-22 00:00:00','2019-03-01 22:00:00'),
(2, 1, 2,'Implementação de todas as Classes (do model)','E-mail','2019-03-02 00:00:00','2019-03-08 22:00:00'),
(3, 1, 3,'Protótipo das telas','E-mail','2019-03-09 00:00:00','2019-03-15 22:00:00'),

(4, 2, 1,'Apresentação do Projeto','E-mail','2019-02-22 00:00:00','2019-03-01 22:00:00'),
(5, 2, 2,'Protótipo das telas','E-mail','2019-03-02 00:00:00','2019-03-08 22:00:00'),
(6, 2, 3,'Tela funcional','E-mail','2019-03-09 00:00:00','2019-03-15 22:00:00'),

(7, 3, 1,'Implementação das classes DAO e Service de 1 model','E-mail','2019-03-16 00:00:00','2019-03-22 22:00:00'),
(8, 3, 2,'Implementação de todos os DAOs e Services','E-mail','2019-03-23 00:00:00','2019-03-29 22:00:00'),
(9, 3, 3,'Implementação de todos os DAOs e Services','E-mail','2019-03-23 00:00:00','2019-03-29 22:00:00'),

(10, 4, 1,'Esboço da planta','E-mail','2019-03-16 00:00:00','2019-03-22 22:00:00'),
(11, 4, 2,'Maquete Parcial','E-mail','2019-03-23 00:00:00','2019-03-29 22:00:00'),
(12, 4, 3,'Entrega de plantas em DWG','E-mail','2019-03-23 00:00:00','2019-03-29 22:00:00'),

(13, 5, 1,'Esboço da planta','E-mail','2019-03-16 00:00:00','2019-03-22 22:00:00'),
(14, 5, 2,'Maquete Parcial','E-mail','2019-03-23 00:00:00','2019-03-29 22:00:00'),
(15, 5, 3,'Entrega de plantas em DWG','E-mail','2019-03-23 00:00:00','2019-03-29 22:00:00'),

(16, 6, 1,'Esboço da hidro elétrica','E-mail','2019-03-16 00:00:00','2019-03-22 22:00:00'),
(17, 6, 2,'Maquete Parcial da hidro elétrica','E-mail','2019-03-23 00:00:00','2019-03-29 22:00:00'),
(18, 6, 3,'Entrega da pesquisa de eficiência da planta','E-mail','2019-03-23 00:00:00','2019-03-29 22:00:00'),

(19, 7, 1,'Entrega de escopo da pesquisa','E-mail','2019-03-16 00:00:00','2019-03-22 22:00:00'),
(20, 7, 2,'Apresentação da pesquisa','E-mail','2019-03-23 00:00:00','2019-03-29 22:00:00'),
(21, 7, 3,'Entrega da pesquisa escrita','E-mail','2019-03-23 00:00:00','2019-03-29 22:00:00'),

(22, 8, 1,'Escopo da pesquisa','E-mail','2019-03-16 00:00:00','2019-03-22 22:00:00'),
(23, 8, 2,'Apresentação da pesquisa','E-mail','2019-03-23 00:00:00','2019-03-29 22:00:00'),
(24, 8, 3,'Entrega da pesquisa escrita','E-mail','2019-03-23 00:00:00','2019-03-29 22:00:00'),

(25, 9, 1,'Escopo da pesquisa','E-mail','2019-03-16 00:00:00','2019-03-22 22:00:00'),
(26, 9, 2,'Apresentação da pesquisa','E-mail','2019-03-23 00:00:00','2019-03-29 22:00:00'),
(27, 9, 3,'Entrega da pesquisa escrita','E-mail','2019-03-23 00:00:00','2019-03-29 22:00:00'),

(28, 10, 1,'Escopo da pesquisa','E-mail','2019-03-16 00:00:00','2019-03-22 22:00:00'),
(29, 10, 2,'Apresentação da pesquisa','E-mail','2019-03-23 00:00:00','2019-03-29 22:00:00'),
(30, 10, 3,'Entrega da pesquisa escrita','E-mail','2019-03-23 00:00:00','2019-03-29 22:00:00'),

--

(31, 1, 1,'Implementação de 3 classes (do model)','E-mail','2018-08-22 00:00:00','2018-09-01 22:00:00'),
(32, 1, 2,'Implementação de todas as Classes (do model)','E-mail','2018-09-02 00:00:00','2018-09-08 22:00:00'),
(33, 1, 3,'Protótipo das telas','E-mail','2018-09-09 00:00:00','2018-09-15 22:00:00'),

(34, 2, 1,'Apresentação do Projeto','E-mail','2018-08-22 00:00:00','2018-09-01 22:00:00'),
(35, 2, 2,'Protótipo das telas','E-mail','2018-09-02 00:00:00','2018-09-08 22:00:00'),
(36, 2, 3,'Tela funcional','E-mail','2018-10-02 00:00:00','2018-10-08 22:00:00'),

(37, 3, 1,'Implementação das classes DAO e Service de 1 model','E-mail','2018-08-22 00:00:00','2018-09-01 22:00:00'),
(38, 3, 2,'Implementação de todos os DAOs e Services','E-mail','2018-10-02 00:00:00','2018-10-08 22:00:00'),
(39, 3, 3,'Implementação de todos os DAOs e Services','E-mail','2018-11-23 00:00:00','2019-11-29 22:00:00'),

(40, 4, 1,'Esboço da planta','E-mail','2018-08-22 00:00:00','2018-09-01 22:00:00'),
(41, 4, 2,'Maquete Parcial','E-mail','2018-10-02 00:00:00','2018-10-08 22:00:00'),
(42, 4, 3,'Entrega de plantas em DWG','E-mail','2018-11-23 00:00:00','2019-11-29 22:00:00'),

(43, 5, 1,'Esboço da planta','E-mail','2018-08-22 00:00:00','2018-09-01 22:00:00'),
(44, 5, 2,'Maquete Parcial','E-mail','2018-10-02 00:00:00','2018-10-08 22:00:00'),
(45, 5, 3,'Entrega de plantas em DWG','E-mail','2018-11-23 00:00:00','2019-11-29 22:00:00'),

(46, 6, 1,'Esboço da hidro elétrica','E-mail','2018-08-22 00:00:00','2018-09-01 22:00:00'),
(47, 6, 2,'Maquete Parcial da hidro elétrica','E-mail','2018-10-02 00:00:00','2018-10-08 22:00:00'),
(48, 6, 3,'Entrega da pesquisa de eficiência da planta','E-mail','2018-11-23 00:00:00','2019-11-29 22:00:00'),

(49, 7, 1,'Entrega de escopo da pesquisa','E-mail','2018-08-22 00:00:00','2018-09-01 22:00:00'),
(50, 7, 2,'Apresentação da pesquisa','E-mail','2018-10-02 00:00:00','2018-10-08 22:00:00'),
(51, 7, 3,'Entrega da pesquisa escrita','E-mail','2018-11-23 00:00:00','2019-11-29 22:00:00'),

(52, 8, 1,'Escopo da pesquisa','E-mail','2018-08-22 00:00:00','2018-09-01 22:00:00'),
(53, 8, 2,'Apresentação da pesquisa','E-mail','2018-10-02 00:00:00','2018-10-08 22:00:00'),
(54, 8, 3,'Entrega da pesquisa escrita','E-mail','2018-11-23 00:00:00','2019-11-29 22:00:00'),

(55, 9, 1,'Escopo da pesquisa','E-mail','2018-08-22 00:00:00','2018-09-01 22:00:00'),
(56, 9, 2,'Apresentação da pesquisa','E-mail','2018-10-02 00:00:00','2018-10-08 22:00:00'),
(57, 9, 3,'Entrega da pesquisa escrita','E-mail','2018-11-23 00:00:00','2019-11-29 22:00:00'),

(58, 10, 1,'Escopo da pesquisa','E-mail','2018-08-22 00:00:00','2018-09-01 22:00:00'),
(59, 10, 2,'Apresentação da pesquisa','E-mail','2018-10-02 00:00:00','2018-10-08 22:00:00'),
(60, 10, 3,'Entrega da pesquisa escrita','E-mail','2018-11-23 00:00:00','2019-11-29 22:00:00');


INSERT INTO `professor` (`professor_id`, `administrador`, `matricula`) VALUES
(121, 1, '201901'),
(122, 1, '201902'),
(123, 1, '201903'),
(124, 0, '201904'),
(125, 0, '201905'),
(126, 0, '201906'),
(127, 0, '201907');


INSERT INTO `grupo` (`id`, `orientador_id`, `numero`, `nome`) VALUES
(1, 121, 1, 'SI-01'),
(2, 121, 2, 'SI-02'),
(3, 121, 3, 'CC-01'),
(4, 122, 4, 'CC-02'),
(5, 122, 5, 'AD-01'),
(6, 122, 6, 'AD-02'),
(7, 123, 7, 'AU-01'),
(8, 123, 8, 'AU-02'),
(9, 123, 9, 'EE-01'),
(10, 124, 10, 'EE-02'),
(11, 124, 11, 'EC-01'),
(12, 124, 12, 'EC-02'),
(13, 125, 13, 'MK-01'),
(14, 125, 14, 'MK-02'),
(15, 125, 15, 'EM-01'),
(16, 126, 16, 'EM-02'),
(17, 126, 17, 'PI-01'),
(18, 126, 18, 'PI-02'),
(19, 127, 19, 'FA-01'),
(20, 127, 20, 'FA-02'),

(21, 121, 1, 'SI-01'),
(22, 121, 2, 'SI-02'),
(23, 121, 3, 'CC-01'),
(24, 122, 4, 'CC-02'),
(25, 122, 5, 'AD-01'),
(26, 122, 6, 'AD-02'),
(27, 123, 7, 'AU-01'),
(28, 123, 8, 'AU-02'),
(29, 123, 9, 'EE-01'),
(30, 124, 10, 'EE-02'),
(31, 124, 11, 'EC-01'),
(32, 124, 12, 'EC-02'),
(33, 125, 13, 'MK-01'),
(34, 125, 14, 'MK-02'),
(35, 125, 15, 'EM-01'),
(36, 126, 16, 'EM-02'),
(37, 126, 17, 'PI-01'),
(38, 126, 18, 'PI-02'),
(39, 127, 19, 'FA-01'),
(40, 127, 20, 'FA-02');

INSERT INTO `banca` (`id`, `grupo_id`, `data`, `sala`) VALUES
(1, 1,'2019-05-01 14:30:00','104H'),
(2, 2,'2019-05-01 15:00:00','104H'),
(3, 3,'2019-05-01 15:30:00','104H'),
(4, 4,'2019-06-02 19:30:00','107H'),
(5, 5,'2019-06-05 19:30:00','105H'),
(6, 6,'2019-06-04 19:30:00','I08H'),
(7, 7,'2019-06-04 20:30:00','I08H'),
(8, 8,'2019-06-04 20:30:00','I09H'),
(9, 9,'2019-06-05 19:30:00','I09H'),
(10, 10,'2019-06-15 19:30:00','102H'),
(11, 11,'2019-06-17 19:30:00','103H'),
(12, 12,'2019-06-17 19:45:00','103H'),
(13, 13,'2019-06-14 19:25:00','102H'),
(14, 14,'2019-06-14 19:55:00','102H'),
(15, 15,'2019-06-14 19:35:00','103H'),
(16, 16,'2019-06-15 19:10:00','101H'),
(17, 17,'2019-06-15 19:50:00','101H'),
(18, 18,'2019-06-15 20:50:00','101H'),
(19, 19,'2019-06-15 21:50:00','101H'),
(20, 20,'2019-06-12 21:00:00','103H'),

(21, 21,'2018-12-01 14:30:00','104H'),
(22, 22,'2018-12-01 15:00:00','104H'),
(23, 23,'2018-12-01 15:30:00','104H'),
(24, 24,'2018-12-02 19:30:00','107H'),
(25, 25,'2018-12-05 19:30:00','105H'),
(26, 26,'2018-12-04 19:30:00','I08H'),
(27, 27,'2018-12-04 20:30:00','I08H'),
(28, 28,'2018-12-04 20:30:00','I09H'),
(29, 29,'2018-12-05 19:30:00','I09H'),
(30, 30,'2018-12-15 19:30:00','102H'),
(31, 31,'2018-12-17 19:30:00','103H'),
(32, 32,'2018-12-17 19:45:00','103H'),
(33, 33,'2018-12-14 19:25:00','102H'),
(34, 34,'2018-12-14 19:55:00','102H'),
(35, 35,'2018-12-14 19:35:00','103H'),
(36, 36,'2018-12-15 19:10:00','101H'),
(37, 37,'2018-12-15 19:50:00','101H'),
(38, 38,'2018-12-15 20:50:00','101H'),
(39, 39,'2018-12-15 21:50:00','101H'),
(40, 40,'2018-12-12 21:00:00','103H');

INSERT INTO `professores_banca` (`banca_id`, `Professor_id`, `avaliacao`) VALUES
(1, 127, '10'),
(1, 122, '9'),
(1, 123, '7'),
(2, 124, '8'),
(2, 125, '5'),
(2, 126, '7'),
(3, 122, '8'),
(3, 123, '5'),
(3, 124, '7'),
(4, 121, '8'),
(4, 123, '5'),
(4, 127, '10'),
(5, 124, '10'),
(5, 125, '5'),
(5, 126, '10'),
(6, 121, '10'),
(6, 123, '8'),
(6, 127, '10'),
(7, 121, '10'),
(7, 122, '8'),
(7, 124, '7'),
(8, 125, '10'),
(8, 126, '8'),
(8, 127, '7'),
(9, 121, '6'),
(9, 122, '8'),
(9, 124, '7'),
(10, 127, '9'),
(10, 126, '8'),
(10, 125, '6'),
(11, 121, '9'),
(11, 122, '6'),
(11, 123, '7'),
(12, 127, '9'),
(12, 125, '10'),
(12, 126, '7'),
(13, 124, '9'),
(13, 125, '8'),
(13, 126, '7'),
(14, 127, '9'),
(14, 126, '8'),
(14, 121, '7'),
(15, 121, '10'),
(15, 122, '4'),
(15, 123, '3'),
(16, 124, '10'),
(16, 127, '4'),
(16, 126, '5'),
(17, 121, '10'),
(17, 127, '4'),
(17, 122, '5'),
(18, 121, '10'),
(18, 122, '8'),
(18, 123, '9'),
(19, 121, '10'),
(19, 122, '8'),
(19, 123, '9'),
(20, 124, '7'),
(20, 127, '8'),
(20, 123, '9'),

(21, 127, '10'),
(21, 122, '9'),
(21, 123, '7'),
(22, 124, '8'),
(22, 125, '5'),
(22, 126, '7'),
(23, 122, '8'),
(23, 123, '5'),
(23, 124, '7'),
(24, 121, '8'),
(24, 123, '5'),
(24, 127, '10'),
(25, 124, '10'),
(25, 125, '5'),
(25, 126, '10'),
(26, 121, '10'),
(26, 123, '8'),
(26, 127, '10'),
(27, 121, '10'),
(27, 122, '8'),
(27, 124, '7'),
(28, 125, '10'),
(28, 126, '8'),
(28, 127, '7'),
(29, 121, '6'),
(29, 122, '8'),
(29, 124, '7'),
(30, 127, '9'),
(30, 126, '8'),
(30, 125, '6'),
(31, 121, '9'),
(31, 122, '6'),
(31, 123, '7'),
(32, 127, '9'),
(32, 125, '10'),
(32, 126, '7'),
(33, 124, '9'),
(33, 125, '8'),
(33, 126, '7'),
(34, 127, '9'),
(34, 126, '8'),
(34, 121, '7'),
(35, 121, '10'),
(35, 122, '4'),
(35, 123, '3'),
(36, 124, '10'),
(36, 127, '4'),
(36, 126, '5'),
(37, 121, '10'),
(37, 127, '4'),
(37, 122, '5'),
(38, 121, '10'),
(38, 122, '8'),
(38, 123, '9'),
(39, 121, '10'),
(39, 122, '8'),
(39, 123, '9'),
(40, 124, '7'),
(40, 127, '8'),
(40, 123, '9');

INSERT INTO `entrega` (`grupo_id`, `atividade_id`, `dt_cadastro`, `link`) VALUES
(1,1,'2019-03-01 22:00:00', 'https://github.com/bruno-ralmeida/PI_2019.1'),
(1,2,'2019-03-29 22:00:00', 'https://mail.google.com/mail/u/0/'),
(1,3,'2019-04-01 22:00:00', 'https://github.com/'),
(2,4,'2019-03-15 00:00:00', 'https://github.com/'),
(2,5,'2019-03-29 22:00:00', 'https://github.com/'),
(2,6,'2019-04-01 22:00:00', 'https://github.com/'),
(3,7,'2019-03-15 00:00:00','https://github.com/' ),
(3,8,'2019-03-29 22:00:00' ,'https://github.com/'),
(3,9,'2019-04-01 22:00:00', 'https://brasilescola.uol.com.br/geografia/energia-hidreletrica.htm'),
(4,10,'2019-03-15 00:00:00','https://github.com/'),
(4,11,'2019-03-29 00:00:00','https://github.com/'),
(4,12,'2019-04-05 00:00:00','https://github.com/'),
(5,13,'2019-03-15 00:00:00','https://github.com/'),
(5,14,'2019-03-29 00:00:00','https://github.com/'),
(5,15,'2019-04-05 00:00:00','https://github.com/'),
(6,16,'2019-03-05 00:00:00','https://github.com/'),
(6,17,'2019-04-15 00:00:00','https://github.com/'),
(6,18,'2019-05-05 00:00:00','https://github.com/'),
(7,19,'2019-03-15 00:00:00','https://github.com/'),
(7,20,'2019-04-05 00:00:00','https://github.com/'),
(7,21,'2019-05-25 00:00:00','https://github.com/'),
(8,22,'2019-03-14 00:00:00','https://github.com/'),
(8,23,'2019-04-16 00:00:00','https://github.com/'),
(8,24,'2019-05-11 00:00:00','https://github.com/'),
(9,25,'2019-03-12 00:00:00','https://github.com/'),
(9,26,'2019-04-13 00:00:00','https://github.com/'),
(9,27,'2019-05-17 00:00:00','https://github.com/'),
(10,28,'2019-03-12 00:00:00','https://github.com/'),
(10,29,'2019-04-13 00:00:00','https://github.com/'),
(10,30,'2019-05-17 00:00:00','https://github.com/'),
(11,1,'2019-03-01 22:00:00', 'https://github.com/bruno-ralmeida/PI_2019.1'),
(11,2,'2019-03-29 22:00:00', 'https://mail.google.com/mail/u/0/'),
(11,3,'2019-04-01 22:00:00', 'https://github.com/'),
(12,4,'2019-03-15 00:00:00', 'https://github.com/'),
(12,5,'2019-03-29 22:00:00', 'https://github.com/'),
(12,6,'2019-04-01 22:00:00', 'https://github.com/'),
(13,7,'2019-03-15 00:00:00','https://github.com/' ),
(13,8,'2019-03-29 22:00:00' ,'https://github.com/'),
(13,9,'2019-04-01 22:00:00', 'https://brasilescola.uol.com.br/geografia/energia-hidreletrica.htm'),
(14,10,'2019-03-15 00:00:00','https://github.com/'),
(14,11,'2019-03-29 00:00:00','https://github.com/'),
(14,12,'2019-04-05 00:00:00','https://github.com/'),
(15,13,'2019-03-15 00:00:00','https://github.com/'),
(15,14,'2019-03-29 00:00:00','https://github.com/'),
(15,15,'2019-04-05 00:00:00','https://github.com/'),
(16,16,'2019-03-05 00:00:00','https://github.com/'),
(16,17,'2019-04-15 00:00:00','https://github.com/'),
(16,18,'2019-05-05 00:00:00','https://github.com/'),
(17,19,'2019-03-15 00:00:00','https://github.com/'),
(17,20,'2019-04-05 00:00:00','https://github.com/'),
(17,21,'2019-05-25 00:00:00','https://github.com/'),
(18,22,'2019-03-14 00:00:00','https://github.com/'),
(18,23,'2019-04-16 00:00:00','https://github.com/'),
(18,24,'2019-05-11 00:00:00','https://github.com/'),
(19,25,'2019-03-12 00:00:00','https://github.com/'),
(19,26,'2019-04-13 00:00:00','https://github.com/'),
(19,27,'2019-05-17 00:00:00','https://github.com/'),
(20,28,'2019-03-12 00:00:00','https://github.com/'),
(20,29,'2019-04-13 00:00:00','https://github.com/'),
(20,30,'2019-05-17 00:00:00','https://github.com/'),

(21,31,'2018-07-01 22:00:00', 'https://github.com/bruno-ralmeida/PI_2019.1'),
(21,32,'2018-09-29 22:00:00', 'https://mail.google.com/mail/u/0/'),
(21,33,'2018-10-01 22:00:00', 'https://github.com/'),
(22,34,'2018-07-01 22:00:00', 'https://github.com/'),
(22,35,'2018-09-29 22:00:00', 'https://github.com/'),
(22,36,'2018-10-01 22:00:00', 'https://github.com/'),
(23,37,'2018-07-01 22:00:00','https://github.com/' ),
(23,38,'2018-09-29 22:00:00' ,'https://github.com/'),
(23,39,'2018-10-01 22:00:00', 'https://brasilescola.uol.com.br/geografia/energia-hidreletrica.htm'),
(24,40,'2018-07-01 22:00:00','https://github.com/'),
(24,41,'2018-09-29 00:00:00','https://github.com/'),
(24,42,'2018-11-05 00:00:00','https://github.com/'),
(25,43,'2018-07-15 00:00:00','https://github.com/'),
(25,44,'2018-09-29 00:00:00','https://github.com/'),
(25,45,'2018-10-05 00:00:00','https://github.com/'),
(26,46,'2018-08-05 00:00:00','https://github.com/'),
(26,47,'2018-09-15 00:00:00','https://github.com/'),
(26,48,'2018-10-05 00:00:00','https://github.com/'),
(27,49,'2018-08-15 00:00:00','https://github.com/'),
(27,50,'2018-09-05 00:00:00','https://github.com/'),
(27,51,'2018-10-25 00:00:00','https://github.com/'),
(28,52,'2018-07-14 00:00:00','https://github.com/'),
(28,53,'2018-08-16 00:00:00','https://github.com/'),
(28,54,'2018-09-11 00:00:00','https://github.com/'),
(29,55,'2018-08-12 00:00:00','https://github.com/'),
(29,56,'2018-10-13 00:00:00','https://github.com/'),
(29,57,'2018-11-17 00:00:00','https://github.com/'),
(30,58,'2018-09-12 00:00:00','https://github.com/'),
(30,59,'2018-10-13 00:00:00','https://github.com/'),
(30,60,'2018-08-17 00:00:00','https://github.com/'),
(31,31,'2018-09-01 22:00:00', 'https://github.com/bruno-ralmeida/PI_2019.1'),
(31,32,'2018-11-29 22:00:00', 'https://mail.google.com/mail/u/0/'),
(31,33,'2018-09-01 22:00:00', 'https://github.com/'),
(32,34,'2018-10-15 00:00:00', 'https://github.com/'),
(32,35,'2018-11-29 22:00:00', 'https://github.com/'),
(32,36,'2018-08-01 22:00:00', 'https://github.com/'),
(33,37,'2018-09-15 00:00:00','https://github.com/' ),
(33,38,'2018-10-29 22:00:00' ,'https://github.com/'),
(33,39,'2018-08-01 22:00:00', 'https://brasilescola.uol.com.br/geografia/energia-hidreletrica.htm'),
(34,40,'2018-10-15 00:00:00','https://github.com/'),
(34,41,'2018-11-29 00:00:00','https://github.com/'),
(34,42,'2018-08-05 00:00:00','https://github.com/'),
(35,43,'2018-11-15 00:00:00','https://github.com/'),
(35,44,'2018-11-29 00:00:00','https://github.com/'),
(35,45,'2018-08-05 00:00:00','https://github.com/'),
(36,46,'2018-09-05 00:00:00','https://github.com/'),
(36,47,'2018-10-15 00:00:00','https://github.com/'),
(36,48,'2018-08-05 00:00:00','https://github.com/'),
(37,49,'2018-09-15 00:00:00','https://github.com/'),
(37,50,'2018-10-05 00:00:00','https://github.com/'),
(37,51,'2018-08-25 00:00:00','https://github.com/'),
(38,52,'2018-10-14 00:00:00','https://github.com/'),
(38,53,'2018-11-16 00:00:00','https://github.com/'),
(38,54,'2018-08-11 00:00:00','https://github.com/'),
(39,55,'2018-09-12 00:00:00','https://github.com/'),
(39,56,'2018-11-13 00:00:00','https://github.com/'),
(39,57,'2018-08-17 00:00:00','https://github.com/'),
(40,58,'2018-09-12 00:00:00','https://github.com/'),
(40,59,'2018-11-13 00:00:00','https://github.com/'),
(40,60,'2018-12-17 00:00:00','https://github.com/');



INSERT INTO `turma` ( `semestre_letivo`, `ano_letivo`, `sigla`, `tema_id`) VALUES
(1, 2019,'SI',1),
(1, 2019,'CC',2),
(1, 2019,'AD',3),
(1, 2019,'AU',4),
(1, 2019,'EE',5),
(1, 2019,'EC',6),
(1, 2019,'MK',7),
(1, 2019,'EM',8),
(1, 2019,'PI',9),
(1, 2019,'FA',10),

(2, 2018,'SI',1),
(2, 2018,'CC',2),
(2, 2018,'AD',3),
(2, 2018,'AU',4),
(2, 2018,'EE',5),
(2, 2018,'EC',6),
(2, 2018,'MK',7),
(2, 2018,'EM',8),
(2, 2018,'PI',9),
(2, 2018,'FA',10),

(1, 2018,'SI',1),
(1, 2018,'CC',2),
(1, 2018,'AD',3),
(1, 2018,'AU',4),
(1, 2018,'EE',5),
(1, 2018,'EC',6),
(1, 2018,'MK',7),
(1, 2018,'EM',8),
(1, 2018,'PI',9),
(1, 2018,'FA',10),

(2, 2017,'SI',1),
(2, 2017,'CC',2),
(2, 2017,'AD',3),
(2, 2017,'AU',4),
(2, 2017,'EE',5),
(2, 2017,'EC',6),
(2, 2017,'MK',7),
(2, 2017,'EM',8),
(2, 2017,'PI',9),
(2, 2017,'FA',10),

(1, 2017,'SI',1),
(1, 2017,'CC',2),
(1, 2017,'AD',3),
(1, 2017,'AU',4),
(1, 2017,'EE',5),
(1, 2017,'EC',6),
(1, 2017,'MK',7),
(1, 2017,'EM',8),
(1, 2017,'PI',9),
(1, 2017,'FA',10);


INSERT INTO `turma_aluno` (`Aluno_id`, `turma_id`, `grupo_id`) VALUES
(1, 1, 1),
(2, 1, 1),
(3, 1, 1),
(4, 1, 1),
(5, 1, 1),
(6, 1, 1),
(7, 1, 2),
(8, 1, 2),
(9, 1, 2),
(10, 1, 2),
(11, 1, 2),
(12, 1, 2),
(13, 2, 3),
(14, 2, 3),
(15, 2, 3),
(16, 2, 3),
(17, 2, 3),
(18, 2, 3),
(19, 2, 4),
(20, 2, 4),
(21, 2, 4),
(22, 2, 4),
(23, 2, 4),
(24, 2, 4),
(25, 3, 5),
(26, 3, 5),
(27, 3, 5),
(28, 3, 5),
(29, 3, 5),
(30, 3, 5),
(31, 3, 6),
(32, 3, 6),
(33, 3, 6),
(34, 3, 6),
(35, 3, 6),
(36, 3, 6),
(37, 4, 7),
(38, 4, 7),
(39, 4, 7),
(40, 4, 7),
(41, 4, 7),
(42, 4, 7),
(43, 4, 8),
(44, 4, 8),
(45, 4, 8),
(46, 4, 8),
(47, 4, 8),
(48, 4, 8),
(49, 5, 9),
(50, 5, 9),
(51, 5, 9),
(52, 5, 9),
(53, 5, 9),
(54, 5, 9),
(55, 5, 10),
(56, 5, 10),
(57, 5, 10),
(58, 5, 10),
(59, 5, 10),
(60, 5, 10),
(61, 6, 11),
(62, 6, 11),
(63, 6, 11),
(64, 6, 11),
(65, 6, 11),
(66, 6, 11),
(67, 6, 12),
(68, 6, 12),
(69, 6, 12),
(70, 6, 12),
(71, 6, 12),
(72, 6, 12),
(73, 7, 13),
(74, 7, 13),
(75, 7, 13),
(76, 7, 13),
(77, 7, 13),
(78, 7, 13),
(79, 7, 14),
(80, 7, 14),
(81, 7, 14),
(82, 7, 14),
(83, 7, 14),
(84, 7, 14),
(85, 8, 15),
(86, 8, 15),
(87, 8, 15),
(88, 8, 15),
(89, 8, 15),
(90, 8, 15),
(91, 8, 16),
(92, 8, 16),
(93, 8, 16),
(94, 8, 16),
(95, 8, 16),
(96, 8, 16),
(97, 9, 17),
(98, 9, 17),
(99, 9, 17),
(100, 9, 17),
(101, 9, 17),
(102, 9, 17),
(103, 9, 18),
(104, 9, 18),
(105, 9, 18),
(106, 9, 18),
(107, 9, 18),
(108, 9, 18),
(109, 10, 19),
(110, 10, 19),
(111, 10, 19),
(112, 10, 19),
(112, 10, 19),
(114, 10, 19),
(115, 10, 20),
(116, 10, 20),
(117, 10, 20),
(118, 10, 20),
(119, 10, 20),
(120, 10, 20),

(1, 11, 21),
(2, 11,21),
(3, 11, 21),
(4, 11, 21),
(5, 11, 21),
(6, 11, 21),
(7, 11, 22),
(8, 11, 22),
(9, 11, 22),
(10, 11, 22),
(11, 11, 22),
(12, 11, 22),
(13, 12, 23),
(14, 12, 23),
(15, 12, 23),
(16, 12, 23),
(17, 12, 23),
(18, 12, 23),
(19, 12, 24),
(20, 12, 24),
(21, 12, 24),
(22, 12, 24),
(23, 12, 24),
(24, 12, 24),
(25, 13, 25),
(26, 13, 25),
(27, 13, 25),
(28, 13, 25),
(29, 13, 25),
(30, 13, 25),
(31, 13, 26),
(32, 13, 26),
(33, 13, 26),
(34, 13, 26),
(35, 13, 26),
(36, 13, 26),
(37, 14, 27),
(38, 14, 27),
(39, 14, 27),
(40, 14, 27),
(41, 14, 27),
(42, 14, 27),
(43, 14, 28),
(44, 14, 28),
(45, 14, 28),
(46, 14, 28),
(47, 14, 28),
(48, 14, 28),
(49, 15, 29),
(50, 15, 29),
(51, 15, 29),
(52, 15, 29),
(53, 15, 29),
(54, 15, 29),
(55, 15, 30),
(56, 15, 30),
(57, 15, 30),
(58, 15, 30),
(59, 15, 30),
(60, 15, 30),
(61, 16, 31),
(62, 16, 31),
(63, 16, 31),
(64, 16, 31),
(65, 16, 31),
(66, 16, 31),
(67, 16, 32),
(68, 16, 32),
(69, 16, 32),
(70, 16, 32),
(71, 16, 32),
(72, 16, 32),
(73, 17, 33),
(74, 17, 33),
(75, 17, 33),
(76, 17, 33),
(77, 17, 33),
(78, 17, 33),
(79, 17, 34),
(80, 17, 34),
(81, 17, 34),
(82, 17, 34),
(83, 17, 34),
(84, 17, 34),
(85, 18, 35),
(86, 18, 35),
(87, 18, 35),
(88, 18, 35),
(89, 18, 35),
(90, 18, 35),
(91, 18, 36),
(92, 18, 36),
(93, 18, 36),
(94, 18, 36),
(95, 18, 36),
(96, 18, 36),
(97, 19, 37),
(98, 19, 37),
(99, 19, 37),
(100, 19, 37),
(101, 19, 37),
(102, 19, 37),
(103, 19, 38),
(104, 19, 38),
(105, 19, 38),
(106, 19, 38),
(107, 19, 38),
(108, 19, 38),
(109, 20, 39),
(110, 20, 39),
(111, 20, 39),
(112, 20, 39),
(112, 20, 39),
(114, 20, 39),
(115, 20, 40),
(116, 20, 40),
(117, 20, 40),
(118, 20, 40),
(119, 20, 40),
(120, 20, 40),

(1, 21, 1),
(2, 21, 1),
(3, 21, 1),
(4, 21, 1),
(5, 21, 1),
(6, 21, 1),
(7, 21, 2),
(8, 21, 2),
(9, 21, 2),
(10, 21, 2),
(11, 21, 2),
(12, 21, 2),
(13, 22, 3),
(14, 22, 3),
(15, 22, 3),
(16, 22, 3),
(17, 22, 3),
(18, 22, 3),
(19, 22, 4),
(20, 22, 4),
(21, 22, 4),
(22, 22, 4),
(23, 22, 4),
(24, 22, 4),
(25, 23, 5),
(26, 23, 5),
(27, 23, 5),
(28, 23, 5),
(29, 23, 5),
(30, 23, 5),
(31, 23, 6),
(32, 23, 6),
(33, 23, 6),
(34, 23, 6),
(35, 23, 6),
(36, 23, 6),
(37, 24, 7),
(38, 24, 7),
(39, 24, 7),
(40, 24, 7),
(41, 24, 7),
(42, 24, 7),
(43, 24, 8),
(44, 24, 8),
(45, 24, 8),
(46, 24, 8),
(47, 24, 8),
(48, 24, 8),
(49, 25, 9),
(50, 25, 9),
(51, 25, 9),
(52, 25, 9),
(53, 25, 9),
(54, 25, 9),
(55, 25, 10),
(56, 25, 10),
(57, 25, 10),
(58, 25, 10),
(59, 25, 10),
(60, 25, 10),
(61, 26, 11),
(62, 26, 11),
(63, 26, 11),
(64, 26, 11),
(65, 26, 11),
(66, 26, 11),
(67, 26, 12),
(68, 26, 12),
(69, 26, 12),
(70, 26, 12),
(71, 26, 12),
(72, 26, 12),
(73, 27, 13),
(74, 27, 13),
(75, 27, 13),
(76, 27, 13),
(77, 27, 13),
(78, 27, 13),
(79, 27, 14),
(80, 27, 14),
(81, 27, 14),
(82, 27, 14),
(83, 27, 14),
(84, 27, 14),
(85, 28, 15),
(86, 28, 15),
(87, 28, 15),
(88, 28, 15),
(89,28, 15),
(90, 28, 15),
(91, 28, 16),
(92, 28, 16),
(93, 28, 16),
(94, 28, 16),
(95, 28, 16),
(96, 28, 16),
(97, 29, 17),
(98, 29, 17),
(99, 29, 17),
(100, 29, 17),
(101, 29, 17),
(102, 29, 17),
(103, 29, 18),
(104, 29, 18),
(105, 29, 18),
(106, 29, 18),
(107, 29, 18),
(108, 29, 18),
(109, 30, 19),
(110, 30, 19),
(111, 30, 19),
(112, 30, 19),
(112, 30, 19),
(114, 30, 19),
(115, 30, 20),
(116, 30, 20),
(117, 30, 20),
(118, 30, 20),
(119, 30, 20),
(120, 30, 20),

(1, 31, 1),
(2, 31, 1),
(3, 31, 1),
(4, 31, 1),
(5, 31, 1),
(6, 31, 1),
(7, 31, 2),
(8, 31, 2),
(9, 31, 2),
(10, 31, 2),
(11, 31, 2),
(12, 31, 2),
(13, 32, 3),
(14, 32, 3),
(15, 32, 3),
(16, 32, 3),
(17, 32, 3),
(18, 32, 3),
(19, 32, 4),
(20, 32, 4),
(21, 32, 4),
(22, 32, 4),
(23, 32, 4),
(24, 32, 4),
(25, 33, 5),
(26, 33, 5),
(27, 33, 5),
(28, 33, 5),
(29, 33, 5),
(30, 33, 5),
(31, 33, 6),
(32, 33, 6),
(33, 33, 6),
(34, 33, 6),
(35, 33, 6),
(36, 33, 6),
(37, 34, 7),
(38, 34, 7),
(39, 34, 7),
(40, 34, 7),
(41, 34, 7),
(42, 34, 7),
(43, 34, 8),
(44, 34, 8),
(45, 34, 8),
(46, 34, 8),
(47, 34, 8),
(48, 34, 8),
(49, 35, 9),
(50, 35, 9),
(51, 35, 9),
(52, 35, 9),
(53, 35, 9),
(54, 35, 9),
(55, 35, 10),
(56, 35, 10),
(57, 35, 10),
(58, 35, 10),
(59, 35, 10),
(60, 35, 10),
(61, 36, 11),
(62, 36, 11),
(63, 36, 11),
(64, 36, 11),
(65, 36, 11),
(66, 36, 11),
(67, 36, 12),
(68, 36, 12),
(69, 36, 12),
(70, 36, 12),
(71, 36, 12),
(72, 36, 12),
(73, 37, 13),
(74, 37, 13),
(75, 37, 13),
(76, 37, 13),
(77, 37, 13),
(78, 37, 13),
(79, 37, 14),
(80, 37, 14),
(81, 37, 14),
(82, 37, 14),
(83, 37, 14),
(84, 37, 14),
(85, 38, 15),
(86, 38, 15),
(87, 38, 15),
(88, 38, 15),
(89,38, 15),
(90, 38, 15),
(91, 38, 16),
(92, 38, 16),
(93, 38, 16),
(94, 38, 16),
(95, 38, 16),
(96, 38, 16),
(97, 39, 17),
(98, 39, 17),
(99, 39, 17),
(100, 39, 17),
(101, 39, 17),
(102, 39, 17),
(103, 39, 18),
(104, 39, 18),
(105, 39, 18),
(106, 39, 18),
(107, 39, 18),
(108, 39, 18),
(109, 40, 19),
(110, 40, 19),
(111, 40, 19),
(112, 40, 19),
(112, 40, 19),
(114, 40, 19),
(115, 40, 20),
(116, 40, 20),
(117, 40, 20),
(118, 40, 20),
(119, 40, 20),
(120, 40, 20),

(1, 41, 1),
(2, 41, 1),
(3, 41, 1),
(4, 41, 1),
(5, 41, 1),
(6, 41, 1),
(7, 41, 2),
(8, 41, 2),
(9, 41, 2),
(10, 41, 2),
(11, 41, 2),
(12, 41, 2),
(13, 42, 3),
(14, 42, 3),
(15, 42, 3),
(16, 42, 3),
(17, 42, 3),
(18, 42, 3),
(19, 42, 4),
(20, 42, 4),
(21, 42, 4),
(22, 42, 4),
(23, 42, 4),
(24, 42, 4),
(25, 43, 5),
(26, 43, 5),
(27, 43, 5),
(28, 43, 5),
(29, 43, 5),
(30, 43, 5),
(31, 43, 6),
(32, 43, 6),
(33, 43, 6),
(34, 43, 6),
(35, 43, 6),
(36, 43, 6),
(37, 44, 7),
(38, 44, 7),
(39,44, 7),
(40, 44, 7),
(41, 44, 7),
(42, 44, 7),
(43, 44, 8),
(44, 44, 8),
(45, 44, 8),
(46, 44, 8),
(47, 44, 8),
(48, 44, 8),
(49, 44, 9),
(50, 45, 9),
(51, 45, 9),
(52, 45, 9),
(53, 45, 9),
(54, 45, 9),
(55, 45, 10),
(56, 45, 10),
(57, 45, 10),
(58, 25, 10),
(59, 45, 10),
(60, 45, 10),
(61, 46, 11),
(62, 46, 11),
(63, 46, 11),
(64, 46, 11),
(65, 46, 11),
(66, 46, 11),
(67, 46, 12),
(68, 46, 12),
(69, 46, 12),
(70, 46, 12),
(71, 46, 12),
(72, 46, 12),
(73, 47, 13),
(74, 47, 13),
(75, 47, 13),
(76, 47, 13),
(77, 47, 13),
(78, 47, 13),
(79, 47, 14),
(80, 47, 14),
(81, 47, 14),
(82, 47, 14),
(83, 47, 14),
(84, 47, 14),
(85, 48, 15),
(86, 48, 15),
(87, 48, 15),
(88, 48, 15),
(89,48, 15),
(90, 48, 15),
(91, 48, 16),
(92, 48, 16),
(93, 48, 16),
(94, 48, 16),
(95, 48, 16),
(96, 48, 16),
(97, 49, 17),
(98, 49, 17),
(99, 49, 17),
(100, 49, 17),
(101, 49, 17),
(102, 49, 17),
(103, 49, 18),
(104, 49, 18),
(105, 49, 18),
(106, 49, 18),
(107, 49, 18),
(108, 49, 18),
(109, 50, 19),
(110, 50, 19),
(111, 50, 19),
(112, 50, 19),
(112, 50, 19),
(114, 50, 19),
(115, 50, 20),
(116, 50, 20),
(117, 50, 20),
(118, 50, 20),
(119, 50, 20),
(120, 50, 20);

